Formatted_District,Rep,Status,Dem Votes,Rep Votes,Other Votes,Dem %,Rep %,Other %,2022 Margin,Swing from 2020 presidential,Percent of 2020 turnout
AK-AL,Mary Peltola (D),Democratic hold,"137,263","112,471",0,55.0%,45.0%,0.0%,D+9.9,D+20,70%
AL-01,Jerry Carl (R),Republican hold,,"140,592","27,558",0.0%,83.6%,16.4%,R+83.6,R+55.4,51%
AL-02,Barry Moore (R),Republican hold,"58,014","137,460","3,487",29.2%,69.1%,1.8%,R+39.9,R+10.6,62%
AL-03,Mike Rogers (R),Republican hold,"47,859","135,602","6,945",25.1%,71.2%,3.6%,R+46.1,R+12.1,60%
AL-04,Robert Aderholt (R),Republican hold,"26,694","164,655","4,384",13.6%,84.1%,2.2%,R+70.5,R+8.8,60%
AL-05,Dale Strong (R),Republican hold,"62,740","142,435","7,142",29.6%,67.1%,3.4%,R+37.5,R+10.5,61%
AL-06,Gary Palmer (R),Republican hold,,"154,233","29,970",0.0%,83.7%,16.3%,R+83.7,R+53.9,52%
AL-07,Terri Sewell (D),Democratic hold,"123,233","67,416","3,291",63.5%,34.8%,1.7%,D+28.8,R+3.3,59%
AR-01,Rick Crawford (R),Republican hold,"54,598","153,774",,26.2%,73.8%,0.0%,R+47.6,R+6.7,73%
AR-02,French Hill (R),Republican hold,"86,887","147,975","11,584",35.3%,60.0%,4.7%,R+24.8,R+11.7,74%
AR-03,Steve Womack (R),Republican hold,"73,541","142,401","7,646",32.9%,63.7%,3.4%,R+30.8,R+7.4,75%
AR-04,Bruce Westerman (R),Republican hold,"56,745","153,850","6,101",26.2%,71.0%,2.8%,R+44.8,R+9.6,73%
AZ-01,David Schweikert (R),Republican hold,"179,141","182,336",,49.6%,50.4%,0.0%,R+0.9,R+2.4,78%
AZ-02,Eli Crane (R),Republican gain,"149,151","174,169",76,46.1%,53.9%,0.0%,R+7.7,D+0.1,80%
AZ-03,Ruben Gallego (D),Democratic hold,"108,599","32,475",,77.0%,23.0%,0.0%,D+54,D+3.3,62%
AZ-04,Greg Stanton (D),Democratic hold,"148,941","116,521",36,56.1%,43.9%,0.0%,D+12.2,D+1.9,72%
AZ-05,Andy Biggs (R),Republican hold,"120,275","182,464","18,851",37.4%,56.7%,5.9%,R+19.3,R+3,77%
AZ-06,Juan Ciscomani (R),Republican gain,"172,040","177,201",42,49.3%,50.7%,0.0%,R+1.5,R+1.5,80%
AZ-07,Raúl Grijalva (D),Democratic hold,"126,418","69,444",,64.5%,35.5%,0.0%,D+29.1,R+3.7,66%
AZ-08,Debbie Lesko (R),Republican hold,"7,158","197,555",,3.5%,96.5%,0.0%,R+93,R+79.5,51%
AZ-09,Paul Gosar (R),Republican hold,"4,389","192,796",,2.2%,97.8%,0.0%,R+95.5,R+69.8,54%
CA-01,Doug LaMalfa (R),Republican hold,"93,386","152,839",,37.9%,62.1%,0.0%,R+24.1,R+5.2,71%
CA-02,Jared Huffman (D),Democratic hold,"229,720","79,029",,74.4%,25.6%,0.0%,D+48.8,R+0.7,73%
CA-03,Kevin Kiley (R),Republican hold,"156,761","181,438",,46.4%,53.6%,0.0%,R+7.3,R+5.5,76%
CA-04,Mike Thompson (D),Democratic hold,"176,900","84,007",,67.8%,32.2%,0.0%,D+35.6,R+1,70%
CA-05,Tom McClintock (R),Republican hold,"109,506","173,524",,38.7%,61.3%,0.0%,R+22.6,R+10.3,71%
CA-06,Ami Bera (D),Democratic hold,"121,058","95,325",,55.9%,44.1%,0.0%,D+11.9,R+6.5,65%
CA-07,Doris Matsui (D),Democratic hold,"150,618","70,033",,68.3%,31.7%,0.0%,D+36.5,R+0.6,65%
CA-08,John Garamendi (D),Democratic hold,"145,501","46,634",,75.7%,24.3%,0.0%,D+51.5,R+2.5,60%
CA-09,Josh Harder (D),Democratic hold,"95,598","78,802",,54.8%,45.2%,0.0%,D+9.6,R+3,61%
CA-10,Mark DeSaulnier (D),Democratic hold,"198,415",,"52,965",78.9%,0.0%,21.1%,D+78.9,D+39.6,61%
CA-11,Nancy Pelosi (D),Democratic hold,"220,848","42,217",,84.0%,16.0%,0.0%,D+67.9,R+6.7,67%
CA-12,Barbara Lee (D),Democratic hold,"217,110","22,859",,90.5%,9.5%,0.0%,D+80.9,D+0.2,65%
CA-13,John Duarte,Republican gain,"66,496","67,060",,49.8%,50.2%,0.0%,R+0.4,R+11.3,58%
CA-14,Eric Swalwell (D),Democratic hold,"137,612","60,852",,69.3%,30.7%,0.0%,D+38.7,R+6.8,59%
CA-15,Kevin Mullin (D),Democratic hold,"194,874",,,100.0%,0.0%,0.0%,D+100,D+42.7,56%
CA-16,Anna Eshoo (D),Democratic hold,"241,007",,,100.0%,0.0%,0.0%,D+100,D+47,63%
CA-17,Ro Khanna (D),Democratic hold,"127,853","52,400",,70.9%,29.1%,0.0%,D+41.9,R+5.6,60%
CA-18,Zoe Lofgren (D),Democratic hold,"99,776","51,737",,65.9%,34.1%,0.0%,D+31.7,R+12.3,57%
CA-19,Jimmy Panetta (D),Democratic hold,"194,494","88,816",,68.7%,31.3%,0.0%,D+37.3,R+2.3,69%
CA-20,Kevin McCarthy (R),Republican hold,"74,932","153,844",,32.8%,67.2%,0.0%,R+34.5,R+9.6,66%
CA-21,Jim Costa (D),Democratic hold,"68,074","57,573",,54.2%,45.8%,0.0%,D+8.4,R+11.9,55%
CA-22,David Valadao (R),Republican hold,"49,859","52,993",,48.5%,51.5%,0.0%,R+3,R+15.9,55%
CA-23,Jay Obernolte (R),Republican hold,"65,908","103,197",,39.0%,61.0%,0.0%,R+22.1,R+12.2,57%
CA-24,Salud Carbajal (D),Democratic hold,"159,019","103,533",,60.6%,39.4%,0.0%,D+21.1,R+7.9,69%
CA-25,Raul Ruiz (D),Democratic hold,"87,641","65,101",,57.4%,42.6%,0.0%,D+14.8,R+0.6,58%
CA-26,Julia Brownley (D),Democratic hold,"134,575","112,214",,54.5%,45.5%,0.0%,D+9.1,R+10.9,65%
CA-27,Mike Garcia (R),Republican hold,"91,892","104,624",,46.8%,53.2%,0.0%,R+6.5,R+18.8,58%
CA-28,Judy Chu (D),Democratic hold,"150,062","76,495",,66.2%,33.8%,0.0%,D+32.5,R+1.4,61%
CA-29,Tony Cardenas (D),Democratic hold,"119,435",,,100.0%,0.0%,0.0%,D+100,D+48.7,44%
CA-30,Adam Schiff (D),Democratic hold,"211,068",,,100.0%,0.0%,0.0%,D+100,D+53.8,56%
CA-31,Grace Napolitano (D),Democratic hold,"91,472","62,153",,59.5%,40.5%,0.0%,D+19.1,R+11.9,50%
CA-32,Brad Sherman (D),Democratic hold,"167,411","74,618",,69.2%,30.8%,0.0%,D+38.3,R+2.4,62%
CA-33,Pete Aguilar (D),Democratic hold,"76,588","56,119",,57.7%,42.3%,0.0%,D+15.4,R+9.9,49%
CA-34,Jimmy Gomez (D),Democratic hold,"121,467",,,100.0%,0.0%,0.0%,D+100,D+35.8,48%
CA-35,Norma Torres (D),Democratic hold,"75,121","55,832",,57.4%,42.6%,0.0%,D+14.7,R+13.2,48%
CA-36,Ted Lieu (D),Democratic hold,"194,299","84,264",,69.8%,30.2%,0.0%,D+39.5,R+4.6,66%
CA-37,Sydney Kamlager (D),Democratic hold,"131,880",,,100.0%,0.0%,0.0%,D+100,D+26.7,47%
CA-38,Linda Sanchez (D),Democratic hold,"101,260","73,051",,58.1%,41.9%,0.0%,D+16.2,R+14,51%
CA-39,Mark Takano (D),Democratic hold,"75,896","55,701",,57.7%,42.3%,0.0%,D+15.3,R+10.8,49%
CA-40,Young Kim (R),Republican hold,"122,722","161,589",,43.2%,56.8%,0.0%,R+13.7,R+15.5,67%
CA-41,Ken Calvert (R),Republican hold,"112,769","123,869",,47.7%,52.3%,0.0%,R+4.7,R+3.6,64%
CA-42,Robert Garcia (D),Democratic hold,"99,217","45,903",,68.4%,31.6%,0.0%,D+36.7,R+9.1,50%
CA-43,Maxine Waters (D),Democratic hold,"95,462","27,985",,77.3%,22.7%,0.0%,D+54.7,R+9.1,46%
CA-44,Nanette Barragan (D),Democratic hold,"100,160","38,554",,72.2%,27.8%,0.0%,D+44.4,R+3.8,47%
CA-45,Michelle Steel (R),Republican hold,"103,466","113,960",,47.6%,52.4%,0.0%,R+4.8,R+11,61%
CA-46,Lou Correa (D),Democratic hold,"78,041","48,257",,61.8%,38.2%,0.0%,D+23.6,R+6.8,50%
CA-47,Katie Porter (D),Democratic hold,"137,374","128,261",,51.7%,48.3%,0.0%,D+3.4,R+7.6,68%
CA-48,Darrell Issa (R),Republican hold,"101,900","155,171",,39.6%,60.4%,0.0%,R+20.7,R+8.4,66%
CA-49,Mike Levin (D),Democratic hold,"153,541","138,194",,52.6%,47.4%,0.0%,D+5.3,R+6.1,72%
CA-50,Scott Peters (D),Democratic hold,"168,816","99,819",,62.8%,37.2%,0.0%,D+25.7,R+7.4,67%
CA-51,Sara Jacobs (D),Democratic hold,"144,186","88,886",,61.9%,38.1%,0.0%,D+23.7,R+3.6,63%
CA-52,Juan Vargas (D),Democratic hold,"100,686","50,330",,66.7%,33.3%,0.0%,D+33.3,R+3.5,50%
CO-01,Diana DeGette (D),Democratic hold,"226,929","49,529","6,157",80.3%,17.5%,2.2%,D+62.8,D+1.5,71%
CO-02,Joe Neguse (D),Democratic hold,"244,107","97,700","7,032",70.0%,28.0%,2.0%,D+42,D+2.1,78%
CO-03,Lauren Boebert (R),Republican hold,"163,293","163,839",,49.9%,50.1%,0.0%,R+0.2,D+8.1,79%
CO-04,Ken Buck (R),Republican hold,"129,619","216,024","8,870",36.6%,60.9%,2.5%,R+24.4,R+5.8,80%
CO-05,Doug Lamborn (R),Republican hold,"111,978","155,528","10,449",40.3%,56.0%,3.8%,R+15.7,R+5.6,74%
CO-06,Jason Crow (D),Democratic hold,"170,140","105,084","5,531",60.6%,37.4%,2.0%,D+23.2,R+0.6,73%
CO-07,Brittany Petterson (D),Democratic hold,"204,984","150,510","8,015",56.4%,41.4%,2.2%,D+15,D+0.8,79%
CO-08,Yadera Caraveo (D),Democratic gain,"114,377","112,745","9,280",48.4%,47.7%,3.9%,D+0.7,R+3.9,69%
CT-01,John B. Larson (D),Democratic hold,"149,556","91,506","2,851",61.3%,37.5%,1.2%,D+23.8,R+4.3,68%
CT-02,Joe Courtney (D),Democratic hold,"165,946","114,506","4,579",58.2%,40.2%,1.6%,D+18,D+6.6,73%
CT-03,Rosa DeLauro (D),Democratic hold,"137,924","98,704","6,023",56.8%,40.7%,2.5%,D+16.2,R+3.6,68%
CT-04,Jim Himes (D),Democratic hold,"140,262","95,822",,59.4%,40.6%,0.0%,D+18.8,R+12.4,67%
CT-05,Jahana Hayes (D),Democratic hold,"127,838","125,834",,50.4%,49.6%,0.0%,D+0.8,R+10,71%
DE-AL,Lisa Blunt Rochester (D),Democratic hold,"178,416","138,201","5,032",55.5%,43.0%,1.6%,D+12.5,R+6.5,64%
FL-01,Matt Gaetz (R),Republican hold,"93,467","197,349",,32.1%,67.9%,0.0%,R+35.7,R+3.5,69%
FL-02,Neal Dunn (R),Republican hold,"121,153","180,236",,40.2%,59.8%,0.0%,R+19.6,R+8.6,73%
FL-03,Kat Cammack (R),Republican hold,"103,382","178,101","3,410",36.3%,62.5%,1.2%,R+26.2,R+12.2,72%
FL-04,Aaron Bean (R),Republican gain,"108,402","165,696",5,39.5%,60.5%,0.0%,R+20.9,R+14.2,68%
FL-05,John Rutherford (R),Republican hold,0,1,,0.0%,100.0%,0.0%,R+100,R+84.3,0%
FL-06,Michael Waltz (R),Republican hold,,"226,548","74,207",0.0%,75.3%,24.7%,R+75.3,R+51.7,70%
FL-07,Cory Mills (R),Republican gain,"126,079","177,966",,41.5%,58.5%,0.0%,R+17.1,R+11.5,70%
FL-08,Bill Posey (R),Republican hold,"120,080","222,128",,35.1%,64.9%,0.0%,R+29.8,R+12.2,74%
FL-09,Darren Soto (D),Democratic hold,"108,541","93,827",,53.6%,46.4%,0.0%,D+7.3,R+10.1,59%
FL-10,Maxwell Frost (D),Democratic hold,"117,955","78,844","3,111",59.0%,39.4%,1.6%,D+19.6,R+12.1,59%
FL-11,Daniel Webster (R),Republican hold,"115,647","205,995","4,967",35.4%,63.1%,1.5%,R+27.7,R+16.8,77%
FL-12,Gus Bilirakis (R),Republican hold,"95,377","226,583",4,29.6%,70.4%,0.0%,R+40.8,R+12.1,75%
FL-13,Anna Paulina Luna (R),Republican gain,"153,876","181,487","6,183",45.1%,53.1%,1.8%,R+8.1,R+1.3,76%
FL-14,Kathy Castor (D),Democratic hold,"149,737","113,427",,56.9%,43.1%,0.0%,D+13.8,R+5.3,67%
FL-15,Laurel Lee (R),Republican gain,"102,835","145,219",,41.5%,58.5%,0.0%,R+17.1,R+14,67%
FL-16,Vern Buchanan (R),Republican hold,"115,575","189,762",21,37.8%,62.1%,0.0%,R+24.3,R+15.4,74%
FL-17,Greg Steube (R),Republican hold,"123,822","222,601","2,226",35.5%,63.8%,0.6%,R+28.3,R+12.4,77%
FL-18,Scott Franklin (R),Republican hold,0,"167,429","56,805",0.0%,74.7%,25.3%,R+74.7,R+51.9,64%
FL-19,Byron Donalds (R),Republican hold,"100,226","213,035",13,32.0%,68.0%,0.0%,R+36,R+15,72%
FL-20,Sheila Cherfilus-McCormick (D),Democratic hold,"136,215","52,151",,72.3%,27.7%,0.0%,D+44.6,R+7.6,57%
FL-21,Brian Mast (R),Republican hold,"119,891","208,614",,36.5%,63.5%,0.0%,R+27,R+17.6,74%
FL-22,Lois Frankel (D),Democratic hold,"150,010","122,194",,55.1%,44.9%,0.0%,D+10.2,R+7.4,69%
FL-23,Jared Moskowitz (D),Democratic hold,"143,951","130,681","4,417",51.6%,46.8%,1.6%,D+4.8,R+8.4,68%
FL-24,Frederica Wilson (D),Democratic hold,"133,442","52,449",,71.8%,28.2%,0.0%,D+43.6,R+5.4,56%
FL-25,Debbie Wasserman Schultz (D),Democratic hold,"129,113","105,239",,55.1%,44.9%,0.0%,D+10.2,R+9.7,61%
FL-26,Mario Diaz-Balart (R),Republican hold,"58,868","143,240",,29.1%,70.9%,0.0%,R+41.7,R+23.4,65%
FL-27,Maria Elvira Salazar (R),Republican hold,"101,404","136,038",,42.7%,57.3%,0.0%,R+14.6,R+14.3,66%
FL-28,Carlos Gimenez (R),Republican hold,"76,665","134,457",28,36.3%,63.7%,0.0%,R+27.4,R+21,62%
GA-01,Buddy Carter (R),Republican hold,"107,837","156,128",0,40.9%,59.1%,0.0%,R+18.3,R+4.9,78%
GA-02,Sanford Bishop (D),Democratic hold,"132,675","108,665",0,55.0%,45.0%,0.0%,D+9.9,R+0.4,76%
GA-03,Drew Ferguson (R),Republican hold,"97,057","213,524",,31.3%,68.7%,0.0%,R+37.5,R+7.4,81%
GA-04,Hank Johnson (D),Democratic hold,"216,332","59,302",,78.5%,21.5%,0.0%,D+57,R+0.7,77%
GA-05,Nikema Williams (D),Democratic hold,"243,687","51,769",,82.5%,17.5%,0.0%,D+65,R+1.6,80%
GA-06,Rich McCormick (R),Republican gain,"125,612","206,886",0,37.8%,62.2%,0.0%,R+24.4,R+9.7,80%
GA-07,Lucy McBath (D),Democratic hold,"143,063","91,262",,61.1%,38.9%,0.0%,D+22.1,R+3.7,72%
GA-08,Austin Scott (R),Republican hold,"81,886","178,700",,31.4%,68.6%,0.0%,R+37.2,R+9.5,79%
GA-09,Andrew Clyde (R),Republican hold,"81,318","212,820",,27.6%,72.4%,0.0%,R+44.7,R+6.8,79%
GA-10,Mike Collins (R),Republican hold,"109,107","198,523",,35.5%,64.5%,0.0%,R+29.1,R+5.6,81%
GA-11,Barry Loudermilk (R),Republican hold,"113,571","190,086",0,37.4%,62.6%,0.0%,R+25.2,R+9.9,79%
GA-12,Rick Allen (R),Republican hold,"107,148","158,047",,40.4%,59.6%,0.0%,R+19.2,R+9,78%
GA-13,David Scott (D),Democratic hold,"216,388","48,228",,81.8%,18.2%,0.0%,D+63.5,D+3.2,77%
GA-14,Marjorie Taylor Greene (R),Republican hold,"88,189","170,162",,34.1%,65.9%,0.0%,R+31.7,D+5.7,76%
HI-01,Ed Case (D),Democratic hold,"143,546","51,217",,73.7%,26.3%,0.0%,D+47.4,D+18,70%
HI-02,Jill Tokuda (D),Democratic hold,"128,407","72,874","5,130",62.2%,35.3%,2.5%,D+26.9,R+2.6,70%
IA-01,Mariannette Miller-Meeks (R),Republican hold,"142,173","162,947",260,46.6%,53.4%,0.1%,R+6.8,R+3.9,71%
IA-02,Ashley Hinson (R),Republican hold,"145,940","172,181",278,45.8%,54.1%,0.1%,R+8.2,R+3.9,73%
IA-03,Zach Nunn (R),Republican gain,"154,117","156,262",534,49.6%,50.3%,0.2%,R+0.7,R+0.3,74%
IA-04,Randy Feenstra (R),Republican hold,"84,230","186,467","6,311",30.4%,67.3%,2.3%,R+36.9,R+10.9,68%
ID-01,Russ Fulcher (R),Republican hold,"82,261","222,901","7,280",26.3%,71.3%,2.3%,R+45,R+6.9,70%
ID-02,Mike Simpson (R),Republican hold,"98,736","172,450",,36.4%,63.6%,0.0%,R+27.2,R+4.2,65%
IL-01,Jonathan Jackson (D),Democratic hold,"159,142","78,258",25,67.0%,33.0%,0.0%,D+34.1,R+8.3,64%
IL-02,Robin Kelly (D),Democratic hold,"140,414","68,761",,67.1%,32.9%,0.0%,D+34.3,R+5.7,63%
IL-03,Delia Ramirez (D),Democratic gain,"121,764","55,995",,68.5%,31.5%,0.0%,D+37,R+4.4,60%
IL-04,Chuy García (D),Democratic hold,"91,036","37,352","4,659",68.4%,28.1%,3.5%,D+40.3,R+6,55%
IL-05,Mike Quigley (D),Democratic hold,"190,999","79,112","4,439",69.6%,28.8%,1.6%,D+40.8,D+1,68%
IL-06,Sean Casten (D),Democratic hold,"150,496","126,351",12,54.4%,45.6%,0.0%,D+8.7,R+2.2,70%
IL-07,Danny Davis (D),Democratic hold,"167,650",,96,99.9%,0.0%,0.1%,D+99.9,D+27.1,52%
IL-08,Raja Krishnamoorthi (D),Democratic hold,"117,880","89,335",,56.9%,43.1%,0.0%,D+13.8,R+1.6,62%
IL-09,Jan Schakowsky (D),Democratic hold,"179,615","70,915",,71.7%,28.3%,0.0%,D+43.4,D+2,66%
IL-10,Brad Schneider (D),Democratic hold,"152,566","89,599",,63.0%,37.0%,0.0%,D+26,D+0.1,68%
IL-11,Bill Foster (D),Democratic hold,"149,172","115,069",,56.5%,43.5%,0.0%,D+12.9,R+2.4,70%
IL-12,Mike Bost (R),Republican hold,"72,791","218,379",1,25.0%,75.0%,0.0%,R+50,R+7.2,76%
IL-13,Nikki Budzinski (D),Democratic gain,"141,788","108,646",16,56.6%,43.4%,0.0%,D+13.2,D+2,70%
IL-14,Lauren Underwood (D),Democratic hold,"128,141","108,451",8,54.2%,45.8%,0.0%,D+8.3,R+3.1,68%
IL-15,Mary Miller (R),Republican hold,"86,396","213,007",,28.9%,71.1%,0.0%,R+42.3,R+3.5,76%
IL-16,Darin LaHood (R),Republican hold,"100,325","197,621",,33.7%,66.3%,0.0%,R+32.7,R+11.1,74%
IL-17,Eric Sorensen (D),Democratic hold,"121,186","111,931",6,52.0%,48.0%,0.0%,D+4,R+3.8,70%
IN-01,Frank Mrvan (D),Democratic hold,"112,656","100,542",9,52.8%,47.2%,0.0%,D+5.7,R+2.7,63%
IN-02,Rudy Yakym (R),Republican hold,"62,955","125,537","5,881",32.4%,64.6%,3.0%,R+32.2,R+9.6,62%
IN-03,Jim Banks (R),Republican hold,"60,577","131,579","9,386",30.1%,65.3%,4.7%,R+35.2,R+5.3,61%
IN-04,Jim Baird (R),Republican hold,"62,834","134,864",,31.8%,68.2%,0.0%,R+36.4,R+7.3,57%
IN-05,Victoria Spartz (R),Republican hold,"93,434","146,575",,38.9%,61.1%,0.0%,R+22.1,R+6.2,65%
IN-06,Greg Pence (R),Republican hold,"62,838","130,686",,32.5%,67.5%,0.0%,R+35.1,R+3.1,58%
IN-07,André Carson (D),Democratic hold,"117,309","53,631","4,240",67.0%,30.6%,2.4%,D+36.4,R+6,58%
IN-08,Larry Bucshon (R),Republican hold,"68,109","141,995","5,936",31.5%,65.7%,2.7%,R+34.2,R+1.4,63%
IN-09,Erin Houchin (R),Republican hold,"75,700","143,166","6,410",33.6%,63.6%,2.8%,R+29.9,R+2.6,63%
KS-01,Tracey Mann (R),Republican hold,"77,092","161,333",,32.3%,67.7%,0.0%,R+35.3,R+5.7,74%
KS-02,Jake LaTurner (R),Republican hold,"98,852","134,506",,42.4%,57.6%,0.0%,R+15.3,D+1,73%
KS-03,Sharice Davids (D),Democratic hold,"165,527","128,839","6,928",54.9%,42.8%,2.3%,D+12.2,D+7.7,75%
KS-04,Ron Estes (R),Republican hold,"83,851","144,889",,36.7%,63.3%,0.0%,R+26.7,R+4.9,70%
KY-01,James Comer (R),Republican hold,"61,701","184,157",0,25.1%,74.9%,0.0%,R+49.8,R+7,70%
KY-02,Brett Guthrie (R),Republican hold,"66,769","170,487",0,28.1%,71.9%,0.0%,R+43.7,R+7.1,67%
KY-03,Morgan McGarvey (D),Democratic hold,"160,920","98,637",30,62.0%,38.0%,0.0%,D+24,D+1.6,71%
KY-04,Thomas Massie (R),Republican hold,"79,977","167,541","10,111",31.0%,65.0%,3.9%,R+34,R+1.3,69%
KY-05,Hal Rogers (R),Republican hold,"38,549","177,712",9,17.8%,82.2%,0.0%,R+64.3,R+5,66%
KY-06,Andy Barr (R),Republican hold,"83,005","154,762","9,051",33.6%,62.7%,3.7%,R+29.1,R+18.1,68%
LA-01,Steve Scalise (R),Republican hold,"61,467","177,670","4,907",25.2%,72.8%,2.0%,R+47.6,R+8.1,66%
LA-02,Troy Carter (D),Democratic hold,"158,120","46,927",,77.1%,22.9%,0.0%,D+54.2,D+1.4,57%
LA-03,Clay Higgins (R),Republican hold,"44,813","174,864","4,875",20.0%,77.9%,2.2%,R+57.9,R+20.3,64%
LA-04,Mike Johnson (R),Republican hold,0,1,,0.0%,100.0%,0.0%,R+100,R+75.9,0%
LA-05,Julia Letlow (R),Republican hold,"54,532","169,021",,24.4%,75.6%,0.0%,R+51.2,R+21.5,64%
LA-06,Garret Graves (R),Republican hold,,"205,219","30,709",0.0%,87.0%,13.0%,R+87,R+53.3,66%
MA-01,Richard Neal (D),Democratic hold,"157,635","98,386",378,61.5%,38.4%,0.1%,D+23.1,D+1.5,65%
MA-02,Jim McGovern (D),Democratic hold,"180,639","91,956",276,66.2%,33.7%,0.1%,D+32.5,D+1.8,69%
MA-03,Lori Trahan (D),Democratic hold,"154,496","88,585",220,63.5%,36.4%,0.1%,D+27.1,R+0.2,65%
MA-04,Jake Auchincloss (D),Democratic hold,"201,882",,"6,397",96.9%,0.0%,3.1%,D+96.9,D+68.6,50%
MA-05,Katherine Clark (D),Democratic hold,"203,994","71,491",186,74.0%,25.9%,0.1%,D+48.1,R+2.8,69%
MA-06,Seth Moulton (D),Democratic hold,"198,119","110,770","6,192",62.9%,35.2%,2.0%,D+27.7,D+0.2,70%
MA-07,Ayanna Pressley (D),Democratic hold,"151,825","27,129",557,84.6%,15.1%,0.3%,D+69.5,R+2.6,57%
MA-08,Stephen Lynch (D),Democratic hold,"189,987","82,126",451,69.7%,30.1%,0.2%,D+39.6,D+4.3,65%
MA-09,Bill Keating (D),Democratic hold,"197,823","136,347",150,59.2%,40.8%,0.0%,D+18.4,D+0.3,73%
MD-01,Andy Harris (R),Republican hold,"126,511","159,673","7,174",43.1%,54.4%,2.4%,R+11.3,D+3.1,71%
MD-02,Dutch Ruppersberger (D),Democratic hold,"158,998","109,075",361,59.2%,40.6%,0.1%,D+18.6,R+2.1,68%
MD-03,John Sarbanes (D),Democratic hold,"175,514","115,801",287,60.2%,39.7%,0.1%,D+20.5,R+4.8,70%
MD-04,Glenn Ivey (D),Democratic hold,"144,168","15,441",400,90.1%,9.7%,0.2%,D+80.4,R+0.2,53%
MD-05,Steny Hoyer (D),Democratic hold,"182,478","94,000",442,65.9%,33.9%,0.2%,D+32,R+4.3,66%
MD-06,David Trone (D),Democratic hold,"140,295","115,771",332,54.7%,45.2%,0.1%,D+9.6,R+0.2,69%
MD-07,Kweisi Mfume (D),Democratic hold,"151,640","32,737",424,82.1%,17.7%,0.2%,D+64.3,D+1.2,59%
MD-08,Jamie Raskin (D),Democratic hold,"211,842","47,965","4,399",80.2%,18.2%,1.7%,D+62,R+0.1,66%
ME-01,Chellie Pingree (D),Democratic hold,"219,753","129,263",160,62.9%,37.0%,0.0%,D+25.9,D+3.1,81%
ME-02,Jared Golden (D),Democratic hold,"165,136","146,142",0,53.1%,46.9%,0.0%,D+6.1,D+12.2,80%
MI-01,Jack Bergman (R),Republican hold,"145,403","233,094","10,102",37.4%,60.0%,2.6%,R+22.6,R+2.8,84%
MI-02,John Moolenaar (R),Republican hold,"116,452","216,222","6,847",34.3%,63.7%,2.0%,R+29.4,R+1.2,82%
MI-03,Hillary Scholten (D),Democratic gain,"185,989","142,229","10,770",54.9%,42.0%,3.2%,D+12.9,D+4.4,81%
MI-04,Bill Huizenga (R),Republican hold,"143,690","183,936","10,722",42.5%,54.4%,3.2%,R+11.9,R+8,81%
MI-05,Tim Walberg (R),Republican hold,"110,946","198,020","8,292",35.0%,62.4%,2.6%,R+27.4,R+3.3,78%
MI-06,Debbie Dingell (D),Democratic hold,"241,759","125,167",1,65.9%,34.1%,0.0%,D+31.8,D+5.1,80%
MI-07,Elissa Slotkin (D),Democratic hold,"192,809","172,624","7,275",51.7%,46.3%,2.0%,D+5.4,D+4.5,83%
MI-08,Dan Kildee (D),Democratic hold,"178,322","143,850","13,657",53.1%,42.8%,4.1%,D+10.3,D+8.2,78%
MI-09,Lisa McClain (R),Republican hold,"123,702","238,300","10,920",33.2%,63.9%,2.9%,R+30.7,R+1.3,80%
MI-10,John James (R),Republican gain,"157,602","159,202","9,433",48.3%,48.8%,2.9%,R+0.5,D+0.5,76%
MI-11,Haley Stevens (D),Democratic hold,"224,537","141,642",0,61.3%,38.7%,0.0%,D+22.6,D+2.8,79%
MI-12,Rashida Tlaib (D),Democratic hold,"196,643","72,888","8,046",70.8%,26.3%,2.9%,D+44.6,R+3.9,72%
MI-13,Shri Thanedar (D),Democratic hold,"166,650","56,187","11,607",71.1%,24.0%,5.0%,D+47.1,R+2.5,69%
MN-01,Brad Finstad (R),Republican hold,"125,457","159,621","11,469",42.3%,53.8%,3.9%,R+11.5,R+2.3,76%
MN-02,Angie Craig (D),Democratic hold,"165,583","148,576","11,313",50.9%,45.6%,3.5%,D+5.2,R+1.9,77%
MN-03,Dean Phillips (D),Democratic hold,"198,883","134,797",241,59.6%,40.4%,0.1%,D+19.2,R+1.7,77%
MN-04,Betty McCollum (D),Democratic hold,"200,055","95,493",425,67.6%,32.3%,0.1%,D+35.3,R+2.2,74%
MN-05,Ilhan Omar (D),Democratic hold,"214,224","70,702","3,280",74.3%,24.5%,1.1%,D+49.8,R+13.1,72%
MN-06,Tom Emmer (R),Republican hold,"120,852","198,145",770,37.8%,62.0%,0.2%,R+24.2,R+6.6,77%
MN-07,Michelle Fischbach (R),Republican hold,"84,455","204,766","16,645",27.6%,66.9%,5.4%,R+39.3,R+6.2,77%
MN-08,Pete Stauber (R),Republican hold,"141,009","188,755",316,42.7%,57.2%,0.1%,R+14.5,R+3.2,78%
MO-01,Cori Bush (D),Democratic hold,"160,999","53,767","6,192",72.9%,24.3%,2.8%,D+48.5,R+9.8,62%
MO-02,Ann Wagner (R),Republican hold,"135,895","173,277","6,494",43.1%,54.9%,2.1%,R+11.8,R+4.1,72%
MO-03,Blaine Luetkemeyer (R),Republican hold,"96,851","180,746",0,34.9%,65.1%,0.0%,R+30.2,R+4.1,70%
MO-04,Mark Alford (R),Republican hold,"67,069","181,890","6,120",26.3%,71.3%,2.4%,R+45,R+5.4,68%
MO-05,Emanuel Cleaver (D),Democratic hold,"140,688","84,008","5,859",61.0%,36.4%,2.5%,D+24.6,R+1.7,66%
MO-06,Sam Graves (R),Republican hold,"72,253","184,865","5,774",27.5%,70.3%,2.2%,R+42.8,R+5.7,70%
MO-07,Eric Burlison (R),Republican hold,"67,485","178,592","5,870",26.8%,70.9%,2.3%,R+44.1,R+2.7,69%
MO-08,Jason Smith (R),Republican hold,"53,738","186,472","5,185",21.9%,76.0%,2.1%,R+54.1,R+2.8,67%
MS-01,Trent Kelly (R),Republican hold,"45,238","122,151",,27.0%,73.0%,0.0%,R+45.9,R+14.3,50%
MS-02,Bennie Thompson (D),Democratic hold,"108,285","71,884",,60.1%,39.9%,0.0%,D+20.2,R+5.9,54%
MS-03,Michael Guest (R),Republican hold,"54,803","132,481",,29.3%,70.7%,0.0%,R+41.5,R+17.1,54%
MS-04,Mike Ezell (R),Republican hold,"42,876","127,813","3,569",24.6%,73.3%,2.0%,R+48.7,R+10.8,58%
MT-01,Ryan Zinke (R),Republican gain,"115,265","123,102","9,593",46.5%,49.6%,3.9%,R+3.2,D+3.7,78%
MT-02,Matt Rosendale (R),Republican hold,"43,480","121,979","50,213",20.2%,56.6%,23.3%,R+36.4,R+9.6,75%
NC-01,Don Davis (D),Democratic hold,"134,996","122,780",0,52.4%,47.6%,0.0%,D+4.7,R+2.6,66%
NC-02,Deborah Ross (D),Democratic hold,"190,714","104,155",0,64.7%,35.3%,0.0%,D+29.4,D+0.7,71%
NC-03,Greg Murphy (R),Republican hold,"82,378","166,520",0,33.1%,66.9%,0.0%,R+33.8,R+8.5,68%
NC-04,Valerie Foushee (D),Democratic hold,"194,983","96,442",0,66.9%,33.1%,0.0%,D+33.8,R+1.2,72%
NC-05,Virginia Foxx (R),Republican hold,"102,269","175,279",0,36.8%,63.2%,0.0%,R+26.3,R+5.1,69%
NC-06,Kathy Manning (D),Democratic hold,"139,553","116,635","2,810",53.9%,45.0%,1.1%,D+8.8,R+3.5,66%
NC-07,David Rouzer (R),Republican hold,"120,222","164,047",0,42.3%,57.7%,0.0%,R+15.4,R+2.7,70%
NC-08,Dan Bishop (R),Republican hold,"79,192","183,998",0,30.1%,69.9%,0.0%,R+39.8,R+5.8,67%
NC-09,Richard Hudson (R),Republican hold,"101,202","131,453",0,43.5%,56.5%,0.0%,R+13,R+5,65%
NC-10,Patrick McHenry (R),Republican hold,"73,174","194,681",352,27.3%,72.6%,0.1%,R+45.3,R+5.8,68%
NC-11,Chuck Edwards (R),Republican hold,"144,165","174,232","5,515",44.5%,53.8%,1.7%,R+9.3,D+0.9,74%
NC-12,Alma Adams (D),Democratic hold,"140,494","83,414",0,62.7%,37.3%,0.0%,D+25.5,R+4.6,61%
NC-13,Wiley Nickel (D),Democratic gain,"143,090","134,256",0,51.6%,48.4%,0.0%,D+3.2,D+1.5,70%
NC-14,Jeff Jackson (D),Democratic gain,"148,738","109,014",0,57.7%,42.3%,0.0%,D+15.4,R+1,66%
ND-AL,Kelly Armstrong (R),Republican hold,0,"148,399","90,187",0.0%,62.2%,37.8%,R+62.2,R+28.9,66%
NE-01,Mike Flood (R),Republican hold,"93,929","129,236",,42.1%,57.9%,0.0%,R+15.8,R+4.8,71%
NE-02,Don Bacon (R),Republican hold,"106,807","112,663",,48.7%,51.3%,0.0%,R+2.7,R+9,70%
NE-03,Adrian Smith (R),Republican hold,"34,836","172,700","13,016",15.8%,78.3%,5.9%,R+62.5,R+10.7,68%
NH-01,Chris Pappas (D),Democratic hold,"167,391","142,229",342,54.0%,45.9%,0.1%,D+8.1,D+2.2,77%
NH-02,Annie Kuster (D),Democratic hold,"171,636","135,579",369,55.8%,44.1%,0.1%,D+11.7,D+2.9,77%
NJ-01,Donald Norcross (D),Democratic hold,"139,559","78,794","5,531",62.3%,35.2%,2.5%,D+27.1,D+2.7,56%
NJ-02,Jeff Van Drew (R),Republican hold,"94,522","139,217","2,745",40.0%,58.9%,1.2%,R+18.9,R+13.9,58%
NJ-03,Andy Kim (D),Democratic hold,"150,498","118,415","2,463",55.5%,43.6%,0.9%,D+11.8,R+2.3,62%
NJ-04,Chris Smith (R),Republican hold,"81,233","173,288","4,441",31.4%,66.9%,1.7%,R+35.5,R+13.1,60%
NJ-05,Josh Gottheimer (D),Democratic hold,"145,559","117,873","2,511",54.7%,44.3%,0.9%,D+10.4,R+2,62%
NJ-06,Frank Pallone (D),Democratic hold,"106,238","75,839","2,842",57.5%,41.0%,1.5%,D+16.4,R+3.2,55%
NJ-07,"Tom Kean, Jr. (R)",Republican gain,"150,701","159,392",,48.6%,51.4%,0.0%,R+2.8,R+6.5,67%
NJ-08,Robert Menendez (D),Democratic hold,"70,837","23,540","2,815",72.9%,24.2%,2.9%,D+48.7,D+3.9,41%
NJ-09,Bill Pascrell (D),Democratic hold,"82,115","65,214","2,163",54.9%,43.6%,1.4%,D+11.3,R+7.7,48%
NJ-10,Donald Payne Jr. (D),Democratic hold,"99,613","25,792","2,957",77.6%,20.1%,2.3%,D+57.5,R+5,44%
NJ-11,Mikie Sherrill (D),Democratic hold,"161,436","109,952","2,276",59.0%,40.2%,0.8%,D+18.8,D+2,63%
NJ-12,Bonnie Watson Coleman (D),Democratic hold,"125,127","71,175","1,925",63.1%,35.9%,1.0%,D+27.2,R+7.1,56%
NM-01,Melanie Stansbury (D),Democratic hold,"156,462","124,151",58,55.7%,44.2%,0.0%,D+11.5,R+3,78%
NM-02,Gabe Vasquez (D),Democratic gain,"96,986","95,636",51,50.3%,49.6%,0.0%,D+0.7,R+5.2,73%
NM-03,Teresa Leger Fernandez (D),Democratic hold,"134,217","96,565",0,58.2%,41.8%,0.0%,D+16.3,D+5.6,77%
NV-01,Dina Titus (D),Democratic hold,"115,700","103,115","5,534",51.6%,46.0%,2.5%,D+5.6,R+2.9,69%
NV-02,Mark Amodei (R),Republican hold,"117,371","185,467","7,660",37.8%,59.7%,2.5%,R+21.9,R+10.9,77%
NV-03,Susie Lee (D),Democratic hold,"131,086","121,083",,52.0%,48.0%,0.0%,D+4,R+2.7,70%
NV-04,Steven Horsford (D),Democratic hold,"116,617","105,870",,52.4%,47.6%,0.0%,D+4.8,R+3.4,70%
NY-01,Nick LaLota (R),Republican hold,"141,907","177,040",48,44.5%,55.5%,0.0%,R+11,R+11.2,74%
NY-02,Andrew Garbarino (R),Republican hold,"97,774","151,178",80,39.3%,60.7%,0.0%,R+21.4,R+19.9,69%
NY-03,George Santos (R),Republican gain,"125,404","145,824",103,46.2%,53.7%,0.0%,R+7.5,R+15.7,68%
NY-04,Anthony D'Esposito (R),Republican gain,"130,871","140,622",67,48.2%,51.8%,0.0%,R+3.6,R+18.1,69%
NY-05,Gregory Meeks (D),Democratic hold,"104,396","34,407",184,75.1%,24.8%,0.1%,D+50.4,R+12,52%
NY-06,Grace Meng (D),Democratic hold,"85,049","47,935",130,63.9%,36.0%,0.1%,D+27.9,R+2.3,55%
NY-07,Nydia Velazquez (D),Democratic hold,"119,473","28,597",234,80.6%,19.3%,0.2%,D+61.3,R+1,57%
NY-08,Hakeem Jeffries (D),Democratic hold,"99,079","39,060",191,71.6%,28.2%,0.1%,D+43.4,R+9.6,54%
NY-09,Yvette Clarke (D),Democratic hold,"116,970",,"26,883",81.3%,0.0%,18.7%,D+81.3,D+29.9,53%
NY-10,Daniel Goldman (D),Democratic hold,"160,582","29,058","2,707",83.5%,15.1%,1.4%,D+68.4,R+2.6,67%
NY-11,Nicole Malliotakis (R),Republican hold,"71,801","115,992",306,38.2%,61.7%,0.2%,R+23.5,R+15.9,64%
NY-12,Jerry Nadler (D),Democratic hold,"200,890","44,173","1,042",81.6%,17.9%,0.4%,D+63.7,R+7.4,72%
NY-13,Adriano Espaillat (D),Democratic hold,"116,589",0,"1,257",98.9%,0.0%,1.1%,D+98.9,D+22.1,43%
NY-14,Alexandria Ocasio-Cortez (D),Democratic hold,"82,453","31,935","2,402",70.6%,27.3%,2.1%,D+43.3,R+13.2,50%
NY-15,Ritchie Torres (D),Democratic hold,"76,406","15,882",102,82.7%,17.2%,0.1%,D+65.5,R+4.3,43%
NY-16,Jamaal Bowman (D),Democratic hold,"133,567","74,156",205,64.2%,35.7%,0.1%,D+28.6,R+15.1,64%
NY-17,Mike Lawler (R),Republican gain,"141,730","143,550",150,49.7%,50.3%,0.1%,R+0.6,R+10.7,74%
NY-18,Pat Ryan (D),Democratic hold,"135,245","131,653",155,50.6%,49.3%,0.1%,D+1.3,R+7,74%
NY-19,Marc Molinaro (R),Republican gain,"141,509","146,004",105,49.2%,50.8%,0.0%,R+1.6,R+6.2,76%
NY-20,Paul Tonko (D),Democratic hold,"160,420","130,869",144,55.0%,44.9%,0.0%,D+10.1,R+9,75%
NY-21,Elise Stefanik (R),Republican hold,"116,421","168,579",95,40.8%,59.1%,0.0%,R+18.3,R+5.9,78%
NY-22,Brandon Williams (R),Republican hold,"132,913","135,544",151,49.5%,50.5%,0.1%,R+1,R+8.4,72%
NY-23,Nick Langworthy (R),Republican hold,"104,114","192,694",233,35.1%,64.9%,0.1%,R+29.8,R+12.6,74%
NY-24,Claudia Tenney (R),Republican hold,"95,028","182,054",171,34.3%,65.7%,0.1%,R+31.4,R+14.2,74%
NY-25,Joe Morelle (D),Democratic hold,"152,022","130,190",132,53.8%,46.1%,0.0%,D+7.7,R+11.9,72%
NY-26,Brian Higgins (D),Democratic hold,"156,883","88,339",149,63.9%,36.0%,0.1%,D+27.9,D+4.6,69%
OH-01,Greg Landsman (D),Democratic gain,"156,416","140,058",,52.8%,47.2%,0.0%,D+5.5,R+2.9,72%
OH-02,Brad Wenstrup (R),Republican hold,"65,745","192,117",,25.5%,74.5%,0.0%,R+49,R+3.6,68%
OH-03,Joyce Beatty (D),Democratic hold,"182,324","76,455",18,70.5%,29.5%,0.0%,D+40.9,R+2.9,68%
OH-04,Jim Jordan (R),Republican hold,"89,383","200,773",,30.8%,69.2%,0.0%,R+38.4,R+2.7,72%
OH-05,Bob Latta (R),Republican hold,"92,634","187,303",,33.1%,66.9%,0.0%,R+33.8,R+7,71%
OH-06,Bill Johnson (R),Republican hold,"90,500","189,883",,32.3%,67.7%,0.0%,R+35.4,R+6.7,70%
OH-07,Max Miller (R),Republican hold,"135,485","168,002",86,44.6%,55.3%,0.0%,R+10.7,R+1.5,71%
OH-08,Warren Davidson (R),Republican hold,"98,629","180,287",,35.4%,64.6%,0.0%,R+29.3,R+7.3,70%
OH-09,Marcy Kaptur (D),Democratic hold,"150,655","115,362",,56.6%,43.4%,0.0%,D+13.3,D+16.2,68%
OH-10,Mike Turner (R),Republican hold,"104,634","168,327",,38.3%,61.7%,0.0%,R+23.3,R+19.8,70%
OH-11,Shontel Brown (D),Democratic hold,"167,722","47,988",,77.8%,22.2%,0.0%,D+55.5,R+2.1,60%
OH-12,Troy Balderson (R),Republican hold,"84,893","191,344",,30.7%,69.3%,0.0%,R+38.5,R+7.7,71%
OH-13,Emilia Sykes (D),Democratic hold,"149,816","134,593",,52.7%,47.3%,0.0%,D+5.4,D+2.5,70%
OH-14,David Joyce (R),Republican hold,"113,639","183,389",,38.3%,61.7%,0.0%,R+23.5,R+8.5,72%
OH-15,Mike Carey (R),Republican hold,"108,139","143,112",,43.0%,57.0%,0.0%,R+13.9,R+7.2,67%
OK-01,Kevin Hern (R),Republican hold,"80,974","142,800","9,721",34.7%,61.2%,4.2%,R+26.5,R+5.1,73%
OK-02,Josh Brecheen (R),Republican hold,"54,194","167,843","9,635",23.4%,72.4%,4.2%,R+49.1,D+4.3,72%
OK-03,Frank Lucas (R),Republican hold,"50,354","147,418",,25.5%,74.5%,0.0%,R+49.1,R+6.3,71%
OK-04,Tom Cole (R),Republican hold,"74,667","149,879",,33.3%,66.7%,0.0%,R+33.5,R+2.6,72%
OK-05,Stephanie Bice (R),Republican hold,"96,799","152,699","9,328",37.4%,59.0%,3.6%,R+21.6,R+3.1,79%
OR-01,Suzanne Bonamici (D),Democratic hold,"210,682","99,042",519,67.9%,31.9%,0.2%,D+36,R+3,78%
OR-02,Cliff Bentz (R),Republican hold,"99,882","208,369",425,32.4%,67.5%,0.1%,R+35.1,R+10.8,81%
OR-03,Earl Blumenauer (D),Democratic hold,"212,119","79,766","11,449",69.9%,26.3%,3.8%,D+43.6,R+3.3,78%
OR-04,Val Hoyle (D),Democratic hold,"171,372","146,055","21,650",50.5%,43.1%,6.4%,D+7.5,R+5.2,83%
OR-05,Lori Chavez-DeRemer (R),Republican gain,"171,514","178,813",906,48.8%,50.9%,0.3%,R+2.1,R+10.9,82%
OR-06,Andrea Salinas (D),Democratic gain,"147,156","139,946","7,275",50.0%,47.5%,2.5%,D+2.4,R+10.6,80%
PA-01,Brian Fitzpatrick (R),Republican hold,"165,796","201,567",0,45.1%,54.9%,0.0%,R+9.7,R+14.4,79%
PA-02,Brendan Boyle (D),Democratic hold,"141,229","45,454",210,75.6%,24.3%,0.1%,D+51.2,D+8.5,60%
PA-03,Dwight Evans (D),Democratic hold,"251,115",0,"13,816",94.8%,0.0%,5.2%,D+94.8,D+13.9,67%
PA-04,Madeleine Dean (D),Democratic hold,"224,495","141,870",0,61.3%,38.7%,0.0%,D+22.6,D+3.6,80%
PA-05,Mary Gay Scanlon (D),Democratic hold,"205,128","110,058",0,65.1%,34.9%,0.0%,D+30.2,R+2.1,75%
PA-06,Chrissy Houlahan (D),Democratic hold,"189,785","135,909",0,58.3%,41.7%,0.0%,D+16.5,D+1.8,79%
PA-07,Susan Wild (D),Democratic hold,"151,361","145,526",0,51.0%,49.0%,0.0%,D+2,D+1.3,75%
PA-08,Matt Cartwright (D),Democratic hold,"147,169","140,303",0,51.2%,48.8%,0.0%,D+2.4,D+5.3,75%
PA-09,Dan Meuser (R),Republican hold,"92,365","208,938",0,30.7%,69.3%,0.0%,R+38.7,R+2.2,78%
PA-10,Scott Perry (R),Republican hold,"145,215","169,331",0,46.2%,53.8%,0.0%,R+7.7,R+3.5,79%
PA-11,Lloyd Smucker (R),Republican hold,"121,835","194,991",0,38.5%,61.5%,0.0%,R+23.1,R+1.8,80%
PA-12,Summer Lee (D),Democratic hold,"184,674","143,946",0,56.2%,43.8%,0.0%,D+12.4,R+7.6,77%
PA-13,John Joyce (R),Republican hold,0,"260,328",,0.0%,100.0%,0.0%,R+100,R+54.8,65%
PA-14,Guy Reschenthaler (R),Republican hold,0,"230,864",,0.0%,100.0%,0.0%,R+100,R+68.5,56%
PA-15,Glenn Thompson (R),Republican hold,"91,715","213,408",0,30.1%,69.9%,0.0%,R+39.9,R+2.9,79%
PA-16,Mike Kelly (R),Republican hold,"130,177","190,081",0,40.6%,59.4%,0.0%,R+18.7,D+1.9,79%
PA-17,Chris Deluzio (D),Democratic hold,"193,615","169,013",0,53.4%,46.6%,0.0%,D+6.8,D+1,80%
RI-01,David Cicilline (D),Democratic hold,"100,318","56,055",361,64.0%,35.8%,0.2%,D+28.2,R+0.7,65%
RI-02,Seth Magaziner (D),Democratic hold,"101,432","93,969","5,688",50.4%,46.7%,2.8%,D+3.7,R+10,73%
SC-01,Nancy Mace (R),Republican hold,"115,796","153,757","3,128",42.5%,56.4%,1.1%,R+13.9,R+5.3,71%
SC-02,Joe Wilson (R),Republican hold,"98,081","147,699",346,39.8%,60.0%,0.1%,R+20.2,R+9.6,67%
SC-03,Jeff Duncan (R),Republican hold,,"189,971","4,598",0.0%,97.6%,2.4%,R+97.6,R+60.2,56%
SC-04,William Timmons (R),Republican hold,,"165,607","16,758",0.0%,90.8%,9.2%,R+90.8,R+72.3,53%
SC-05,Ralph Norman (R),Republican hold,"83,299","154,725","3,683",34.5%,64.0%,1.5%,R+29.6,R+11.4,66%
SC-06,Jim Clyburn (D),Democratic hold,"130,923","79,879",226,62.0%,37.9%,0.1%,D+24.2,R+7.9,63%
SC-07,Russell Fry (R),Republican hold,"89,030","164,440",395,35.1%,64.8%,0.2%,R+29.7,R+11,69%
SD-AL,Dusty Johnson (R),Republican hold,0,"253,821","74,020",0.0%,77.4%,22.6%,R+77.4,R+51.3,78%
TN-01,Diana Harshbarger (R),Republican hold,"37,049","147,241","3,713",19.7%,78.3%,2.0%,R+58.6,R+4.4,56%
TN-02,Tim Burchett (R),Republican hold,"66,673","141,089",,32.1%,67.9%,0.0%,R+35.8,R+6.6,58%
TN-03,Chuck Fleischmann (R),Republican hold,"60,334","136,639","2,857",30.2%,68.4%,1.4%,R+38.2,R+6.3,57%
TN-04,Scott DesJarlais (R),Republican hold,"44,648","122,401","6,388",25.7%,70.6%,3.7%,R+44.8,R+7.1,53%
TN-05,Andy Ogles,Republican gain,"93,648","123,558","4,069",42.3%,55.8%,1.8%,R+13.5,R+2.2,61%
TN-06,John Rose (R),Republican hold,"65,675","129,388",,33.7%,66.3%,0.0%,R+32.7,R+3.5,56%
TN-07,Mark E. Green (R),Republican hold,"68,973","108,421","3,428",38.1%,60.0%,1.9%,R+21.8,R+6.7,55%
TN-08,David Kustoff (R),Republican hold,"51,102","155,602","3,611",24.3%,74.0%,1.7%,R+49.7,R+12.4,58%
TN-09,Steve Cohen (D),Democratic hold,"93,800","35,123","4,995",70.0%,26.2%,3.7%,D+43.8,R+4.4,47%
TX-01,Nathaniel Moran (R),Republican hold,"51,438","183,224",,21.9%,78.1%,0.0%,R+56.2,R+10.3,72%
TX-02,Dan Crenshaw (R),Republican hold,"78,496","151,791",,34.1%,65.9%,0.0%,R+31.8,R+9.1,72%
TX-03,Keith Self (R),Republican hold,"100,121","164,240","6,895",36.9%,60.5%,2.5%,R+23.6,R+9.3,75%
TX-04,Pat Fallon (R),Republican hold,"79,179","170,781","6,049",30.9%,66.7%,2.4%,R+35.8,R+9.9,74%
TX-05,Lance Gooden (R),Republican hold,"71,930","135,595","4,440",33.9%,64.0%,2.1%,R+30,R+7.6,71%
TX-06,Jake Ellzey (R),Republican hold,0,"149,321",,0.0%,100.0%,0.0%,R+100,R+76.1,53%
TX-07,Lizzie Fletcher (D),Democratic hold,"115,994","65,835",,63.8%,36.2%,0.0%,D+27.6,R+2.1,65%
TX-08,Morgan Luttrell (R),Republican hold,"68,715","153,127","3,126",30.5%,68.1%,1.4%,R+37.5,R+10.3,72%
TX-09,Al Green (D),Democratic hold,"125,446","38,161",,76.7%,23.3%,0.0%,D+53.4,R+0.1,64%
TX-10,Michael McCaul (R),Republican hold,"86,404","159,469","6,064",34.3%,63.3%,2.4%,R+29,R+10.2,74%
TX-11,August Pfluger (R),Republican hold,0,"151,066",,0.0%,100.0%,0.0%,R+100,R+59.7,56%
TX-12,Kay Granger (R),Republican hold,"85,026","152,953",,35.7%,64.3%,0.0%,R+28.5,R+10.4,73%
TX-13,Ronny Jackson (R),Republican hold,"52,910","161,767",,24.6%,75.4%,0.0%,R+50.7,R+5.2,72%
TX-14,Randy Weber (R),Republican hold,"63,606","149,543",,29.8%,70.2%,0.0%,R+40.3,R+11.8,68%
TX-15,Monica De La Cruz (R),Republican gain,"68,097","80,978","2,814",44.8%,53.3%,1.9%,R+8.5,R+5.6,67%
TX-16,Veronica Escobar (D),Democratic hold,"95,510","54,986",,63.5%,36.5%,0.0%,D+26.9,R+8.5,62%
TX-17,Pete Sessions (R),Republican hold,"72,801","144,408",,33.5%,66.5%,0.0%,R+33,R+10.4,72%
TX-18,Sheila Jackson Lee (D),Democratic hold,"110,511","40,941","4,816",70.7%,26.2%,3.1%,D+44.5,R+4,65%
TX-19,Jodey Arrington (R),Republican hold,0,"152,321","37,360",0.0%,80.3%,19.7%,R+80.3,R+34.1,68%
TX-20,Joaquin Castro (D),Democratic hold,"115,352","53,226",21,68.4%,31.6%,0.0%,D+36.8,D+3.8,64%
TX-21,Chip Roy (R),Republican hold,"122,655","207,426",,37.2%,62.8%,0.0%,R+25.7,R+6,79%
TX-22,Troy Nehls (R),Republican hold,"85,653","150,014","5,548",35.5%,62.2%,2.3%,R+26.7,R+10.6,72%
TX-23,Tony Gonzales (R),Republican hold,"80,947","116,649","11,180",38.8%,55.9%,5.4%,R+17.1,R+9.9,71%
TX-24,Beth Van Duyne (R),Republican hold,"119,878","177,947",,40.3%,59.7%,0.0%,R+19.5,R+7.2,76%
TX-25,Roger Williams (R),Republican hold,0,"185,270",,0.0%,100.0%,0.0%,R+100,R+68.8,56%
TX-26,Michael Burgess (R),Republican hold,,"183,639","81,384",0.0%,69.3%,30.7%,R+69.3,R+50.8,73%
TX-27,Michael Cloud (R),Republican hold,"73,611","133,416",,35.6%,64.4%,0.0%,R+28.9,R+6.5,72%
TX-28,Henry Cuellar (D),Democratic hold,"93,803","71,778",,56.7%,43.3%,0.0%,D+13.3,D+6.3,66%
TX-29,Sylvia Garcia (D),Democratic hold,"71,837","28,765",,71.4%,28.6%,0.0%,D+42.8,D+6.1,58%
TX-30,Jasmine Crockett (D),Democratic hold,"134,876","39,209","6,428",74.7%,21.7%,3.6%,D+53,R+3.7,65%
TX-31,John Carter (R),Republican hold,,"183,185",,0.0%,100.0%,0.0%,R+100,R+79.8,53%
TX-32,Colin Allred (D),Democratic hold,"116,005","61,494",,65.4%,34.6%,0.0%,D+30.7,R+2.2,67%
TX-33,Marc Veasey (D),Democratic hold,"82,081","29,203","2,746",72.0%,25.6%,2.4%,D+46.4,R+3.5,61%
TX-34,Vicente Gonzalez (D),Democratic gain,"70,896","59,464","4,079",52.7%,44.2%,3.0%,D+8.5,R+7,66%
TX-35,Greg Casar (D),Democratic hold,"129,599","48,969",,72.6%,27.4%,0.0%,D+45.2,D+0,68%
TX-36,Brian Babin (R),Republican hold,"64,016","145,599",,30.5%,69.5%,0.0%,R+38.9,R+7.3,69%
TX-37,Lloyd Doggett (D),Democratic hold,"219,358","59,923","6,508",76.8%,21.0%,2.3%,D+55.8,D+3.2,74%
TX-38,Wesley Hunt (R),Republican gain,"92,302","163,597","3,970",35.5%,63.0%,1.5%,R+27.4,R+9.3,73%
UT-01,Blake Moore (R),Republican hold,"87,986","178,434",,33.0%,67.0%,0.0%,R+33.9,R+14.6,70%
UT-02,Chris Stewart (R),Republican hold,"88,224","154,883","16,292",34.0%,59.7%,6.3%,R+25.7,R+8.8,71%
UT-03,John Curtis (R),Republican hold,"83,687","182,497","17,196",29.5%,64.4%,6.1%,R+34.9,R+15.7,72%
UT-04,Burgess Owens (R),Republican hold,"82,181","155,110","16,768",32.3%,61.1%,6.6%,R+28.7,R+3.1,70%
VA-01,Rob Wittman (R),Republican hold,"147,229","191,828","3,685",43.0%,56.0%,1.1%,R+13,R+6.4,74%
VA-02,Jen Kiggans (R),Republican gain,"143,219","153,328",449,48.2%,51.6%,0.2%,R+3.4,R+5.5,74%
VA-03,Bobby Scott (D),Democratic hold,"139,659","67,668",523,67.2%,32.6%,0.3%,D+34.6,R+3.4,61%
VA-04,Don McEachin (D),Democratic hold,"159,044","85,503",431,64.9%,34.9%,0.2%,D+30,R+5.7,62%
VA-05,Bob Good (R),Republican hold,"129,996","177,191",603,42.2%,57.6%,0.2%,R+15.3,R+7.1,71%
VA-06,Ben Cline (R),Republican hold,"95,410","173,352",472,35.4%,64.4%,0.2%,R+28.9,R+6.9,68%
VA-07,Abigail Spanberger (D),Democratic hold,"143,357","130,586",647,52.2%,47.6%,0.2%,D+4.7,R+2.1,70%
VA-08,Don Beyer (D),Democratic hold,"197,760","66,589","4,587",73.5%,24.8%,1.7%,D+48.8,R+6.8,68%
VA-09,Morgan Griffith (R),Republican hold,"66,027","182,207",558,26.5%,73.2%,0.2%,R+46.7,R+4.8,62%
VA-10,Jennifer Wexton (D),Democratic hold,"157,405","138,163",577,53.2%,46.7%,0.2%,D+6.5,R+11.5,72%
VA-11,Gerry Connolly (D),Democratic hold,"193,190","95,634",852,66.7%,33.0%,0.3%,D+33.7,R+7.3,68%
VT-AL,Becca Balint (D),Democratic hold,"176,494","78,397","27,675",62.5%,27.7%,9.8%,D+34.7,R+0.7,77%
WA-01,Suzan DelBene (D),Democratic hold,"181,992","104,329",363,63.5%,36.4%,0.1%,D+27.1,R+3.3,73%
WA-02,Rick Larsen (D),Democratic hold,"202,980","134,335",608,60.1%,39.8%,0.2%,D+20.3,R+2.5,77%
WA-03,Marie Gluesenkamp Perez (D),Democratic gain,"160,314","157,685","1,760",50.1%,49.3%,0.6%,D+0.8,D+5,76%
WA-04,Dan Newhouse (R),Republican hold,"70,710","150,619","5,318",31.2%,66.5%,2.3%,R+35.3,R+18.4,70%
WA-05,Cathy McMorris Rodgers (R),Republican hold,"127,585","188,648",773,40.2%,59.5%,0.2%,R+19.3,R+9.4,76%
WA-06,Derek Kilmer (D),Democratic hold,"208,710","138,754",409,60.0%,39.9%,0.1%,D+20.1,D+3,78%
WA-07,Pramila Jayapal (D),Democratic hold,"295,998","49,207","1,442",85.4%,14.2%,0.4%,D+71.2,R+3.9,75%
WA-08,Kim Schrier (D),Democratic hold,"179,003","155,976","1,059",53.3%,46.4%,0.3%,D+6.9,D+0.2,77%
WA-09,Adam Smith (D),Democratic hold,"171,746","67,631",471,71.6%,28.2%,0.2%,D+43.4,R+1.3,67%
WA-10,Marilyn Strickland (D),Democratic hold,"152,544","114,777",427,57.0%,42.9%,0.2%,D+14.1,R+3.5,70%
WI-01,Bryan Steil (R),Republican hold,"135,825","162,610","2,432",45.1%,54.0%,0.8%,R+8.9,R+6.9,76%
WI-02,Mark Pocan (D),Democratic hold,"268,740","101,890","7,907",71.0%,26.9%,2.1%,D+44.1,D+2.4,85%
WI-03,Derrick Van Orden (R),Republican gain,"152,977","164,743",202,48.1%,51.8%,0.1%,R+3.7,D+1,80%
WI-04,Gwen Moore (D),Democratic hold,"191,955","57,660","5,397",75.3%,22.6%,2.1%,D+52.7,R+0.2,74%
WI-05,Scott Fitzgerald (R),Republican hold,"134,581","243,741",201,35.6%,64.4%,0.1%,R+28.8,R+6,81%
WI-06,Glenn Grothman (R),Republican hold,,"239,231","12,768",0.0%,94.9%,5.1%,R+94.9,R+79.3,61%
WI-07,Tom Tiffany (R),Republican hold,"128,877","209,224",167,38.1%,61.9%,0.0%,R+23.8,R+3.8,80%
WI-08,Mike Gallagher (R),Republican hold,"5,320","223,981","78,928",1.7%,72.7%,25.6%,R+70.9,R+55.5,75%
WV-01,Carol Miller (R),Republican hold,"65,428","151,511","10,257",28.8%,66.7%,4.5%,R+37.9,D+3,58%
WV-02,Alex Mooney (R),Republican hold,"84,278","160,493",0,34.4%,65.6%,0.0%,R+31.1,D+5.9,61%
WY-AL,Harriet Hageman (R),Republican hold,"47,250","132,206","14,446",24.4%,68.2%,7.5%,R+43.8,R+0.5,70%